Model,R2 Score,CV Score
Linear Regression,0.8510137347101178,0.8368452331453484
Ridge Regression,0.8509338162388379,0.8368688541586522
Lasso Regression,0.8456694404056693,0.835609779776499
ElasticNet Regression,0.8483773268946417,0.8368449202685972
Decision Tree,0.530063291493754,0.507928577150438
Random Forest,0.7867567399684839,0.7756296418891198
SVR,0.7218152177989046,0.6390008314317589
